<?xml version="1.0" encoding="UTF-8"?>
<!DOCTYPE hibernate-mapping PUBLIC
"-//hibernate/hibernate mapping dtd2.0//en"
"http://hibernate.sourceforge.net/hibernate-mapping-3.0.dtd">
<hibernate-mapping>
<class name="pojo" table="login1">
<id name="Empid" column="Empid" type="int">
<generator class ="assigned"></generator></id>
<property name="Name" type="string" column="Name" />
<property name="Salary" type="int" column="Salary" />
<property name="Address" type="string" column="Address" />
<property name="Email" type="string" column="Email" />
</class>
</hibernate-mapping>